,sessionID,metricName,metricIdentifier,rawValue,scoredValue,zScoreInSample,zScoreInPopulation,tScoreInSample,tScoreInPopulation,metricTitle
21,Joanna,EFCS,0,0.6788813882383918,0.5113243310626338,0.7735494117689622,0.4313243310626337,57.73549411768962,54.31324331062633,Executive Function Composite Score
22,Joanna,TACR,0,0.6817226408287631,1.2046842413096384,0.8921297028103689,1.5619156778320735,58.92129702810369,65.61915677832073,Task-Appropriate Coordinate Repeat
23,Joanna,MDS,0,8.0,8.0,0.4656330736664147,-0.539267015706806,54.65633073666415,44.60732984293194,Maximum Difficulty Solved
24,Joanna,SAD,0,448.42813110352,6.1057486534119,1.7047008790300446,1.2470316159523724,67.04700879030045,62.470316159523726,Score Attack Deliberation
25,Joanna,SAV,0,30.0,3.4011974334717,-1.5747490124911647,-0.3682226938743833,34.25250987508835,46.31777306125617,Score Attack Verbosity
26,Joanna,SAR,0,39000.0,10.571316719055,0.3542137622712034,0.7847189386204819,53.54213762271203,57.84718938620482,Score Attack Record
